{
    "page_19_table_2": {
        "main": "./preprocess_results/1746348865790-bar_page_19_table_2.png",
        "csv": "./results/7ea4c501.csv",
        "html": "./results/7ea4c501.html",
        "boxes": "/preprocess_results/1746348865790-bar_page_19_boxes.png",
        "struct": "/preprocess_results/1746348865790-bar_page_19_table_2_structure.png"
    },
    "page_18_table_4": {
        "struct": "/preprocess_results/1746348865790-bar_page_18_table_4_structure.png",
        "boxes": "/preprocess_results/1746348865790-bar_page_18_boxes.png",
        "main": "./preprocess_results/1746348865790-bar_page_18_table_4.png",
        "csv": "./results/cd6f2e50.csv",
        "html": "./results/cd6f2e50.html"
    },
    "page_18_table_2": {
        "main": "./preprocess_results/1746348865790-bar_page_18_table_2.png",
        "csv": "./results/d24dd5ff.csv",
        "html": "./results/d24dd5ff.html",
        "boxes": "/preprocess_results/1746348865790-bar_page_18_boxes.png",
        "struct": "/preprocess_results/1746348865790-bar_page_18_table_2_structure.png"
    },
    "page_18_table_1": {
        "main": "./preprocess_results/1746348865790-bar_page_18_table_1.png",
        "csv": "./results/a865178b.csv",
        "html": "./results/a865178b.html",
        "boxes": "/preprocess_results/1746348865790-bar_page_18_boxes.png",
        "struct": "/preprocess_results/1746348865790-bar_page_18_table_1_structure.png"
    },
    "page_13_table_1": {
        "struct": "/preprocess_results/1746348865790-bar_page_13_table_1_structure.png",
        "boxes": "/preprocess_results/1746348865790-bar_page_13_boxes.png",
        "main": "./preprocess_results/1746348865790-bar_page_13_table_1.png",
        "csv": "./results/0f66e8a0.csv",
        "html": "./results/0f66e8a0.html"
    },
    "page_19_table_3": {
        "main": "./preprocess_results/1746348865790-bar_page_19_table_3.png",
        "csv": "./results/6d396372.csv",
        "html": "./results/6d396372.html",
        "boxes": "/preprocess_results/1746348865790-bar_page_19_boxes.png",
        "struct": "/preprocess_results/1746348865790-bar_page_19_table_3_structure.png"
    },
    "page_8_table_2": {
        "struct": "/preprocess_results/1746348865790-bar_page_8_table_2_structure.png",
        "boxes": "/preprocess_results/1746348865790-bar_page_8_boxes.png",
        "main": "./preprocess_results/1746348865790-bar_page_8_table_2.png",
        "csv": "./results/f553dad0.csv",
        "html": "./results/f553dad0.html"
    },
    "page_5_table_1": {
        "struct": "/preprocess_results/1746348865790-bar_page_5_table_1_structure.png",
        "boxes": "/preprocess_results/1746348865790-bar_page_5_boxes.png",
        "main": "./preprocess_results/1746348865790-bar_page_5_table_1.png",
        "csv": "./results/7c4ddabb.csv",
        "html": "./results/7c4ddabb.html"
    },
    "page_8_table_1": {
        "main": "./preprocess_results/1746348865790-bar_page_8_table_1.png",
        "csv": "./results/9aaba2c5.csv",
        "html": "./results/9aaba2c5.html",
        "boxes": "/preprocess_results/1746348865790-bar_page_8_boxes.png",
        "struct": "/preprocess_results/1746348865790-bar_page_8_table_1_structure.png"
    },
    "page_19_table_1": {
        "main": "./preprocess_results/1746348865790-bar_page_19_table_1.png",
        "csv": "./results/cb943f7e.csv",
        "html": "./results/cb943f7e.html",
        "boxes": "/preprocess_results/1746348865790-bar_page_19_boxes.png",
        "struct": "/preprocess_results/1746348865790-bar_page_19_table_1_structure.png"
    },
    "page_18_table_3": {
        "main": "./preprocess_results/1746348865790-bar_page_18_table_3.png",
        "csv": "./results/d7581aab.csv",
        "html": "./results/d7581aab.html",
        "boxes": "/preprocess_results/1746348865790-bar_page_18_boxes.png",
        "struct": "/preprocess_results/1746348865790-bar_page_18_table_3_structure.png"
    }
}